,,,D=!,phi1,teta12,Xt(1),,,,,,,
t,Pre,Residuos,dpre,-0.169178526,-0.686832399,,,,,,,,
1,174,174,,,,,,,,,,,
2,592,580.8228794,,,,,,,,,,,
3,0,-38.94830362,,,,,,,,,,,
4,47,42.89556043,,,,,,,,,,,
5,137,133.5690521,,,,,,,,,,,
6,1707,1697.898463,,,,,,,,,,,
7,951,841.1409712,,,,,,,,,,,
8,1150,1077.757859,,,,,,,,,,,
9,1764,1683.053987,,,,,,,,,,,
10,1532,1411.128489,,,,,,,,,,,
11,354,244.6904041,,,,,,,,,,,
12,0,-27.18366816,,,,,,,,,,,
13,135,-1.110999245,-39,,,,,,,,,,
14,44,-441.55087,-548,6.597962521,,,,,,,,,
15,315,398.2453104,315,92.70983234,,,,,,,,,
16,1638,1554.308145,1591,-53.29123574,,,,,,,,,
17,2931,2595.633156,2794,-269.1630351,,,,,,,,,
18,1913,70.44307712,206,-472.6848021,,,,,,,,,
19,1704,890.0782066,753,-34.85077639,,,,,,,,,
20,2055,1006.005701,905,-127.3914302,,,,,,,,,
21,1478,-111.6884165,-286,-153.1065662,,,,,,,,,
22,451,-784.2675731,-1081,48.38505848,,,,,,,,,
23,0,-136.7242914,-354,182.8819868,,,,,,,,,
24,10,62.70742615,10,59.88919826,18.67062401,,,,,,,,
25,0,-137.9706555,-135,-1.691785262,0.763070277,,,,,,,,
26,0,-243.0295809,-44,22.83910103,303.2714432,,,,,,,,
27,106,8.898145242,-209,7.443855151,-273.5277818,,,,,,,,
28,992,191.6170278,-646,35.35831197,-1067.549191,,,,,,,,
29,1505,3.758128331,-1426,109.2893279,-1782.764947,,,,,,,,
30,2663,1031.895143,750,241.2485783,-48.38258763,,,,,,,,
31,3438,2067.128226,1734,-126.8838946,-611.3345496,,,,,,,,
32,3585,1753.277797,1530,-293.3555644,-690.9573084,,,,,,,,
33,766,-1025.564072,-712,-258.843145,76.71122298,,,,,,,,
34,223,-509.065015,-228,120.4551106,538.6603785,,,,,,,,
35,254,221.3422823,254,38.57270397,93.90667299,,,,,,,,
36,531,507.9851832,521,-42.97134565,-43.06949192,,,,,,,,
37,55,-112.0882864,55,-88.14201213,94.76271629,,,,,,,,
38,0,-157.9598165,0,-9.304818939,166.92059,,,,,,,,
39,1030,929.6304877,924,0,-6.111534441,,,,,,,,
40,1730,700.2489258,738,-156.3209582,-131.6087828,,,,,,,,
41,2348,723.7028997,843,-124.8537523,-2.581204296,,,,,,,,
42,1275,-894.3330399,-1388,-142.6174976,-708.7390163,,,,,,,,
43,1861,-75.56876469,-1577,234.8197943,-1419.770638,,,,,,,,
44,1619,-628.7025209,-1966,266.7945358,-1204.207995,,,,,,,,
45,439,-623.4276544,-327,332.6049824,704.3906314,,,,,,,,
46,34,-445.4388625,-189,55.32137806,349.6423453,,,,,,,,
47,0,-86.37643971,-254,31.97474145,-152.0250507,,,,,,,,
48,0,-177.9088383,-531,42.97134565,-348.9006819,,,,,,,,
49,369,329.8212812,314,89.83379739,76.9858666,,,,,,,,
50,5,-150.3675704,5,-53.12205722,108.4919197,,,,,,,,
51,751,327.8896826,-279,-0.845892631,-638.5003378,,,,,,,,
52,266,-958.7892559,-1464,47.2008088,-480.9536494,,,,,,,,
53,1504,-124.789647,-844,247.6773623,-497.0625986,,,,,,,,
54,1177,-539.6052062,-98,142.7866761,614.2569071,,,,,,,,
55,1039,-855.6101329,-822,16.57949556,51.90307592,,,,,,,,
56,2162,270.4277593,543,139.0647485,431.8132605,,,,,,,,
57,729,-209.3321678,290,-91.86393971,428.1903113,,,,,,,,
58,0,-374.1725495,-34,-49.06177259,305.9418424,,,,,,,,
59,0,-50.88723657,0,5.75206989,59.32613728,,,,,,,,
60,950,834.6783579,950,0,122.1935542,,,,,,,,
61,0,-306.8354431,-369,-160.7195999,-226.5319417,,,,,,,,
62,93,49.51601079,88,62.42687616,103.277319,,,,,,,,
63,262,-284.1022766,-489,-14.8877103,-225.2052572,,,,,,,,
64,1165,337.9476899,899,82.7282993,658.5275245,,,,,,,,
65,1319,-421.0123202,-185,-152.091495,85.7095726,,,,,,,,
66,2059,550.6812104,882,31.29802734,370.6183381,,,,,,,,
67,3371,1608.603998,2332,-149.2154601,587.6607599,,,,,,,,
68,1388,-986.6807033,-774,-394.524323,-185.7385466,,,,,,,,
69,1483,744.1062094,754,130.9441793,143.7761149,,,,,,,,
70,338,-40.58343755,338,-127.5606087,256.9938297,,,,,,,,
71,117,25.91264036,117,-57.18234184,34.95100276,,,,,,,,
72,30,-379.7683907,-920,-19.79388756,-573.2841387,,,,,,,,
73,0,-53.16295493,0,155.6442441,210.7445234,,,,,,,,
74,792,732.5985333,699,0,-34.00920046,,,,,,,,
75,739,165.796921,477,-118.2557898,195.1306481,,,,,,,,
76,2910,1893.94136,1745,-80.69815698,-232.1134225,,,,,,,,
77,1384,-516.007042,65,-295.2165282,289.1649018,,,,,,,,
78,2515,819.4467521,456,-10.9966042,-378.2256966,,,,,,,,
79,1013,-1342.01499,-2358,-77.14540793,-1104.841343,,,,,,,,
80,1205,-454.6313764,-183,398.9229647,677.6842742,,,,,,,,
81,0,-946.4271237,-1483,30.95967029,-511.0762527,,,,,,,,
82,0,-114.8024789,-338,250.8917543,27.87401976,,,,,,,,
83,49,6.700558072,-68,57.18234184,-17.79764093,,,,,,,,
84,0,-276.632037,-30,11.50413978,260.8372347,,,,,,,,
85,18,-13.31739898,18,5.075355785,36.51403985,,,,,,,,
86,126,-168.3385717,-666,-3.045213471,-503.1724079,,,,,,,,
87,312,-200.8887105,-427,112.6728984,-113.874697,,,,,,,,
88,1038,-505.4246963,-1872,72.23923067,-1300.820287,,,,,,,,
89,2284,864.0677639,900,316.702201,354.4103544,,,,,,,,
90,1790,-317.2885221,-725,-152.2606736,-562.8225783,,,,,,,,
91,1798,-9.574756789,785,122.6544315,921.7393748,,,,,,,,
92,983,-665.5876854,-222,-132.805143,312.2555588,,,,,,,,
93,163,-446.3035604,163,37.55763281,650.0368115,,,,,,,,
94,21,-85.06469798,21,-27.57609977,78.85006198,,,,,,,,
95,125,76.99682687,76,-3.55274905,-4.602160373,,,,,,,,
96,0,-201.9267617,0,-12.85756799,189.9998455,,,,,,,,
97,91,63.8283561,73,0,9.146821084,,,,,,,,
98,86,-167.708942,-40,-12.35003241,115.620385,,,,,,,,
99,312,-130.9062827,0,6.767141047,137.9768749,,,,,,,,
100,1344,-40.30806096,306,0,347.1420565,,,,,,,,
101,1711,-32.69461057,-573,-51.76862901,-593.4697349,,,,,,,,
102,794,-1116.481219,-996,96.93929549,217.9240367,,,,,,,,
103,1911,274.8890756,113,168.5018121,6.576253173,,,,,,,,
104,633,-825.2116211,-350,-19.11717346,457.1471865,,,,,,,,
105,534,124.3690017,371,59.21248416,306.5357449,,,,,,,,
106,109,-33.05170134,88,-62.76523321,58.42519056,,,,,,,,
107,0,-87.13405082,-125,-14.8877103,-52.88391529,,,,,,,,
108,0,-117.2159612,0,21.14731577,138.6898421,,,,,,,,
109,0,-47.22549176,-91,0,-43.83938292,,,,,,,,
110,725,539.3307488,639,15.39524588,115.1879349,,,,,,,,
111,1067,557.0879566,755,-108.1050782,89.91067617,,,,,,,,
112,1527,27.62002266,183,-127.7297873,27.6848822,,,,,,,,
113,590,-1174.407517,-1121,-30.95967029,22.4557178,,,,,,,,
114,1288,-82.35449337,494,189.6491278,766.8354739,,,,,,,,
115,1480,-325.9945469,-431,-83.57419193,-188.8027232,,,,,,,,
116,1053,-73.24580643,420,72.91594478,566.7820771,,,,,,,,
117,503,-16.73015795,-31,-71.05498099,-85.42065979,,,,,,,,
118,107,-19.43356384,-2,5.244534311,22.70097931,,,,,,,,
119,0,-59.44497646,0,0.338357052,59.84648913,,,,,,,,
120,0,-80.42315323,0,0,80.50771982,,,,,,,,
121,90,57.58189097,90,0,32.43599778,,,,,,,,
122,55,-314.983598,-670,-15.22606736,-370.4298319,,,,,,,,
123,763,191.7750519,-304,113.3496125,-382.6260575,,,,,,,,
124,1822,365.3824219,295,51.43027195,-18.97032641,,,,,,,,
125,2545,1098.88989,1955,-49.90766522,806.6211317,,,,,,,,
126,2099,423.7250114,811,-330.7440187,56.56373422,,,,,,,,
127,1073,-767.9890958,-407,-137.2037847,223.9036166,,,,,,,,
128,1514,479.5702447,461,68.85566015,50.30759292,,,,,,,,
129,127,-465.4742814,-376,-77.99130056,11.49081451,,,,,,,,
130,0,-56.73229341,-107,63.61112584,13.34760127,,,,,,,,
131,38,15.29348071,38,18.1021023,40.82873577,,,,,,,,
132,0,-61.63602743,0,-6.428783994,55.23722724,,,,,,,,
133,112,61.5368376,22,0,-39.5491083,,,,,,,,
134,320,44.99099886,265,-3.721927576,216.3409402,,,,,,,,
135,1653,976.854802,890,-44.83230943,-131.7173189,,,,,,,,
136,2277,555.332923,455,-150.5688883,-250.9564853,,,,,,,,
137,1155,-712.4044244,-1390,-76.97622941,-754.753179,,,,,,,,
138,2102,529.1109702,3,235.1581514,-291.028066,,,,,,,,
139,2229,628.1441358,1156,-0.507535579,527.4797928,,,,,,,,
140,176,-1204.266431,-1338,-195.5703762,-329.3843815,,,,,,,,
141,245,24.73310568,118,226.360868,319.7028172,,,,,,,,
142,3,-55.91935968,3,-19.96306609,38.96557716,,,,,,,,
143,168,139.9936732,130,-0.507535579,-10.50405804,,,,,,,,
144,110,45.6847181,110,-21.9932084,42.33362056,,,,,,,,
145,53,-35.34822593,-59,-18.60963788,-42.26549377,,,,,,,,
146,318,38.88099596,-2,9.981533044,-30.90127567,,,,,,,,
147,1085,103.1974763,-568,0.338357052,-670.9355268,,,,,,,,
148,932,-867.5308564,-1345,96.09340286,-381.4206436,,,,,,,,
149,1359,-57.70096927,204,227.5451177,489.3024397,,,,,,,,
150,3521,1747.856926,1419,-34.51241934,-363.4105569,,,,,,,,
151,1326,-711.6842975,-903,-240.0643286,-431.4297435,,,,,,,,
152,1111,260.7337069,935,152.7682091,827.1292017,,,,,,,,
153,460,73.80378947,215,-158.181922,-16.9874983,,,,,,,,
154,147,69.22417396,144,-36.37338313,38.40722794,,,,,,,,
155,33,-63.2204418,-135,-24.36170777,-96.15219037,,,,,,,,
156,99,43.21295689,-11,22.83910103,-31.37774452,,,,,,,,
157,1492,1416.584217,1439,1.860963788,24.27830681,,,,,,,,
158,1870,1335.256168,1552,-243.4478992,-26.70472772,,,,,,,,
159,1922,645.3105952,837,-262.5650726,-70.87937015,,,,,,,,
160,1449,-220.4177812,517,-141.6024264,595.848299,,,,,,,,
161,316,-1170.092759,-1043,-87.46529803,39.63089513,,,,,,,,
162,23,-2121.128459,-3498,176.4532028,-1200.484765,,,,,,,,
163,10,-1212.995832,-1316,591.7864845,488.8078332,,,,,,,,
164,524,-185.2911888,-587,222.6389404,-179.0803573,,,,,,,,
165,0,-310.0042659,-460,99.30779486,-50.69083375,,,,,,,,
166,102,80.36478117,-45,77.82212204,-47.54540545,,,,,,,,
167,541,472.1942104,508,7.613033678,43.42184769,,,,,,,,
168,524,368.7407709,425,-85.94269129,-29.68005884,,,,,,,,
169,2389,1798.030949,897,-71.90087362,-972.9559359,,,,,,,,
170,195,-909.678726,-1675,-151.753138,-917.0971964,,,,,,,,
171,1738,542.5825669,-184,283.3740313,-443.220224,,,,,,,,
172,1301,-268.2577746,-148,31.12884881,151.3900733,,,,,,,,
173,1377,282.4004788,1061,25.03842187,803.6576163,,,,,,,,
174,43,-1616.321234,20,-179.4984163,1456.859747,,,,,,,,
175,15,-831.4875565,5,-3.383570523,833.124837,,,,,,,,
176,23,-629.1070017,-501,-0.845892631,127.2639916,,,,,,,,
177,120,-8.157211816,120,84.75844161,212.9209735,,,,,,,,
178,21,-46.1054841,-81,-20.30142314,-55.19713542,,,,,,,,
179,662,459.0139161,121,13.70346062,-324.3182822,,,,,,,,
180,701,409.7889445,177,-20.47060167,-253.2631082,,,,,,,,
181,2587,1402.986317,198,-29.94459913,-1234.94591,,,,,,,,
182,858,4.713659161,663,-33.49734818,624.7968214,,,,,,,,
183,689,-788.5066063,-1049,-112.1653628,-372.6632859,,,,,,,,
184,628,-679.7777106,-673,177.4682739,184.2481308,,,,,,,,
185,1194,124.8161954,-183,113.8571481,-193.9617983,,,,,,,,
186,54,-1068.168858,11,30.95967029,1110.14179,,,,,,,,
187,158,-429.9468976,143,-1.860963788,571.0925929,,,,,,,,
188,165,-314.2784463,142,-24.19252924,432.091071,,,,,,,,
189,0,-149.6259625,-120,-24.02335072,5.602637358,,,,,,,,
190,348,315.6351507,327,20.30142314,31.66674024,,,,,,,,
191,107,-295.0593155,-555,-55.32137806,-315.2656291,,,,,,,,
192,593,267.348018,-108,93.89408202,-281.4563237,,,,,,,,
193,628,-977.1177985,-1959,18.27128083,-963.6164572,,,,,,,,
194,1526,1002.65808,668,331.4207328,-3.237493828,,,,,,,,
195,4674,3330.419943,3985,-113.0112555,541.5718838,,,,,,,,
196,2485,715.9330801,1857,-674.1764268,466.8933555,,,,,,,,
197,669,-753.4372348,-525,-314.1645231,-85.7278069,,,,,,,,
198,0,-698.8301449,-54,88.81872624,733.6529792,,,,,,,,
199,384,-60.1642075,226,9.135640413,295.301459,,,,,,,,
200,0,-419.0897539,-165,-38.23434691,215.8566192,,,,,,,,
201,3,-71.85291787,3,27.91445682,102.7679587,,,,,,,,
202,0,-131.720359,-348,-0.507535579,-216.7884477,,,,,,,,
203,3,-247.7810407,-104,58.87412711,202.6562974,,,,,,,,
204,356,-35.78353312,-237,17.59456672,-183.6232805,,,,,,,,
205,2429,1169.981044,1801,40.0953107,671.1161614,,,,,,,,
206,1955,812.9658437,429,-304.6905256,-688.6580539,,,,,,,,
207,1230,-1229.143372,-3444,-72.57758773,-2287.440318,,,,,,,,
208,2135,724.3754916,-350,582.6508441,-491.7260347,,,,,,,,
209,512,-615.2712392,-157,59.21248416,517.4851033,,,,,,,,
210,114,-339.4168843,114,26.56102861,479.9791847,,,,,,,,
211,0,-444.6089961,-384,-19.28635198,41.32272695,,,,,,,,
212,0,-222.8791097,0,64.96455405,287.8444209,,,,,,,,
213,0,-52.35079298,-3,0,49.35091193,,,,,,,,
214,103,13.03795956,103,0.507535579,90.46981014,,,,,,,,
215,138,-52.60895378,135,-17.4253882,170.1840465,,,,,,,,
216,408,4.583864726,52,-22.83910103,24.57728988,,,,,,,,
217,1723,88.78256833,-706,-8.797283361,-803.5808868,,,,,,,,
218,962,-315.1894093,-993,119.4400395,-558.3712805,,,,,,,,
219,1887,-19.22013468,657,167.9942765,844.2154908,,,,,,,,
220,3017,1268.37362,882,-111.1502917,-497.5245565,,,,,,,,
221,1215,131.1968641,703,-149.2154601,422.5882211,,,,,,,,
222,56,-410.0547261,-58,-118.9325039,233.1225128,,,,,,,,
223,132,-163.5591304,132,9.812354518,305.3718633,,,,,,,,
224,61,-114.4119684,61,-22.33156545,153.0805935,,,,,,,,
225,0,-46.27606685,0,-10.3198901,35.95622072,,,,,,,,
226,216,121.95488,113,0,-8.954893038,,,,,,,,
227,298,104.7493408,160,-19.11717346,36.13353392,,,,,,,,
228,1088,656.0797866,680,-27.06856419,-3.148346805,,,,,,,,
229,3317,1539.937342,1594,-115.0413978,-60.97874437,,,,,,,,
230,2491,1042.847272,1529,-269.6705707,216.4822981,,,,,,,,
231,1000,-1158.874951,-887,-258.6739665,13.20101121,,,,,,,,
232,2697,701.2209216,-320,150.0613527,-871.1600959,,,,,,,,
233,768,-302.752669,-447,54.13712837,-90.11025685,,,,,,,,
234,247,-15.01590431,191,75.6228012,281.6388711,,,,,,,,
235,66,-210.6507424,-66,-32.3130985,112.3377099,,,,,,,,
236,0,-128.4160185,-61,11.16578273,78.58184667,,,,,,,,
237,69,47.5360076,69,10.3198901,31.783902,,,,,,,,
238,0,-143.9108029,-216,-11.67331831,-83.76256274,,,,,,,,
239,277,87.48777213,-21,36.54256165,-71.94524103,,,,,,,,
240,810,176.1693918,-278,3.55274905,-450.6168536,,,,,,,,
241,2215,2.710190017,-1102,47.03163027,-1057.678858,,,,,,,,
242,2820,1231.695822,329,186.4347358,-716.2612934,,,,,,,,
243,1547,-304.6123662,547,-55.65973511,795.9528623,,,,,,,,
244,1876,-431.919544,-821,-92.54065381,-481.6212476,,,,,,,,
245,1177,339.9552854,409,138.89557,207.9403419,,,,,,,,
246,10,-316.507424,-237,-69.1940172,10.31340957,,,,,,,,
247,20,-150.5864045,-46,40.0953107,144.6817547,,,,,,,,
248,16,-64.41804527,16,7.782212204,88.20028199,,,,,,,,
249,0,-39.05759631,-69,-2.706856419,-32.64927012,,,,,,,,
250,94,6.830744594,94,11.67331831,98.84260196,,,,,,,,
251,283,50.18663882,6,-15.90278146,-60.08943639,,,,,,,,
252,557,-133.0162585,-253,-1.015071157,-120.9988459,,,,,,,,
253,1964,-206.3363859,-251,42.80216712,-1.861446311,,,,,,,,
254,1755,-176.5677074,-1065,42.46381007,-845.9685962,,,,,,,,
255,432,-1144.042485,-1115,180.1751304,209.2176421,,,,,,,,
256,1806,-178.0222412,-70,188.6340567,296.6563364,,,,,,,,
257,156,-775.6652313,-1021,11.84249683,-233.4923041,,,,,,,,
258,28,-26.65625046,18,172.7312752,217.3875532,,,,,,,,
259,0,-126.4728214,-20,-3.045213471,103.4276214,,,,,,,,
260,31,-25.8608244,15,3.383570523,44.24440055,,,,,,,,
261,0,-29.36369692,0,-2.537677893,26.82602256,,,,,,,,
262,0,-89.30842394,-94,0,-4.691576694,,,,,,,,
263,0,-232.6274142,-283,15.90278146,-34.46980952,,,,,,,,
264,1037,436.517657,480,47.87752291,91.3598759,,,,,,,,
265,2076,-110.9241964,112,-81.20569256,141.7185149,,,,,,,,
266,2633,737.7795895,878,-18.94799493,121.272422,,,,,,,,
267,898,-468.3041405,466,-148.538746,785.7654442,,,,,,,,
268,1833,-174.1086295,27,-78.83719319,122.271443,,,,,,,,
269,1080,386.6802017,924,-4.567820207,532.7520114,,,,,,,,
270,94,-108.6293334,66,-156.3209582,18.30837645,,,,,,,,
271,0,-98.03140863,0,-11.16578273,86.8656313,,,,,,,,
272,0,-48.76205105,-31,0,17.76205206,,,,,,,,
273,49,34.07659704,49,5.244534311,20.16793839,,,,,,,,
274,5,-64.62966312,5,-8.289747782,61.33991904,,,,,,,,
275,236,75.37807283,236,-0.845892631,159.7760449,,,,,,,,
276,732,-45.11168174,-305,-39.92613218,-299.8144694,,,,,,,,
277,1469,-631.5868789,-607,51.59945048,76.18633187,,,,,,,,
278,2785,761.4222751,152,102.6913654,-506.7309252,,,,,,,,
279,1117,-128.3615824,219,-25.71513598,321.6464562,,,,,,,,
280,827,-1162.633541,-1006,-37.05009723,119.5834476,,,,,,,,
281,1637,992.7780795,557,170.1935973,-265.5844905,,,,,,,,
282,348,85.15741775,254,-94.23243908,74.6101456,,,,,,,,
283,11,-99.30249115,11,-42.97134565,67.33114754,,,,,,,,
284,140,104.6476807,140,-1.860963788,33.49135649,,,,,,,,
285,75,25.71991653,26,-23.68499366,-23.40491089,,,,,,,,
286,206,152.2116131,201,-4.39864168,44.38974655,,,,,,,,
287,79,-139.2327828,-157,-34.00488376,-51.77210257,,,,,,,,
288,1773,1036.576864,1041,26.56102861,30.98416458,,,,,,,,
289,3408,1329.090831,1939,-176.1148457,433.794331,,,,,,,,
290,571,-2019.067682,-2214,-328.0371622,-522.9694877,,,,,,,,
291,1461,630.3983641,344,374.5612569,88.16289357,,,,,,,,
292,2329,645.2682146,1502,-58.197413,798.5343839,,,,,,,,
293,415,-794.234006,-1222,-254.1061463,-681.8721497,,,,,,,,
294,115,32.22503154,-233,206.736159,-58.4888735,,,,,,,,
295,54,14.21442937,43,39.4185966,68.20416819,,,,,,,,
296,64,-11.39926006,-76,-7.274676625,-71.87541756,,,,,,,,
297,54,9.522839739,-21,12.85756799,-17.66527197,,,,,,,,
298,433,335.0966149,227,3.55274905,-104.5438673,,,,,,,,
299,112,-101.0331099,33,-38.40352544,95.62958621,,,,,,,,
300,342,-724.6283264,-1431,-5.582891364,-711.9545738,,,,,,,,
301,2971,717.9571076,-437,242.0944709,-912.8626435,,,,,,,,
302,699,-1184.830074,128,73.93101594,1386.761099,,,,,,,,
303,844,-205.6768337,-617,-21.65485135,-432.9780206,,,,,,,,
304,3090,1308.574263,761,104.3831506,-443.1911156,,,,,,,,
305,323,-766.2505022,-92,-128.7448584,545.5056475,,,,,,,,
306,62,-15.30238007,-53,15.56442441,-22.13319571,,,,,,,,
307,0,-35.27060756,-54,8.966461887,-9.762930622,,,,,,,,
308,0,-62.69374067,-64,9.135640413,7.829381132,,,,,,,,
309,180,143.3680205,126,10.82742567,-6.54059486,,,,,,,,
310,3,-221.161284,-430,-21.3164943,-230.1552118,,,,,,,,
311,312,203.3539534,200,72.74676625,69.39281322,,,,,,,,
312,844,-29.53391325,502,-33.83570523,497.6982116,,,,,,,,
313,598,-1964.811419,-2373,-84.92762014,-493.1162024,,,,,,,,
314,1550,438.6809634,851,401.4606426,813.7796816,,,,,,,,
315,1166,36.76356171,322,-143.9709258,141.265513,,,,,,,,
316,1840,-405.7042882,-1250,-54.47548543,-898.7712001,,,,,,,,
317,143,-494.8125111,-180,211.4731577,526.2856704,,,,,,,,
318,66,23.94196431,4,30.45213471,10.51017041,,,,,,,,
319,72,47.09828997,72,-0.676714105,24.224996,,,,,,,,
320,526,470.759054,526,-12.18085388,43.06009228,,,,,,,,
321,0,-170.5181036,-180,-88.98790476,-98.46980143,,,,,,,,
322,0,-124.4486,-3,30.45213471,151.9007352,,,,,,,,
323,133,-38.82238129,-179,0.507535579,-139.6700836,,,,,,,,
324,799,-35.0018926,-45,30.28295618,20.28484848,,,,,,,,
325,1058,-881.8831044,460,7.613033678,1349.49614,,,,,,,,
326,1718,391.4781759,168,-77.82212204,-301.3002984,,,,,,,,
327,2118,948.8284128,952,-28.4219924,-25.25040527,,,,,,,,
328,1411,-868.7088059,-429,-161.0579569,278.6508494,,,,,,,,
329,330,-80.27567568,187,72.57758773,339.8532639,,,,,,,,
330,473,391.8077324,407,-31.63638439,-16.44411678,,,,,,,,
331,5,-103.5070287,-67,-68.85566015,-32.34863148,,,,,,,,
332,226,34.66753102,-300,11.33496125,-323.3325702,,,,,,,,
333,249,182.6361999,249,50.75355785,117.1173581,,,,,,,,
334,375,247.3992167,375,-42.12545302,85.47533045,,,,,,,,
335,402,178.8935835,269,-63.44194731,26.66446926,,,,,,,,
336,782,-86.54945743,-17,-45.50902354,24.04043385,,,,,,,,
337,3648,1987.170147,2590,2.876034945,605.705888,,,,,,,,
338,2444,556.7075116,726,-438.1723828,-268.8798946,,,,,,,,
339,1492,-97.13751572,-626,-122.82361,-651.6860947,,,,,,,,
340,880,-1021.751595,-531,105.9057574,596.6573529,,,,,,,,
341,390,94.69786255,60,89.83379739,55.13593488,,,,,,,,
342,10,-204.0444671,-463,-10.15071157,-269.1062446,,,,,,,,
343,15,17.23767686,10,78.32965762,71.09198081,,,,,,,,
344,0,-203.8810018,-226,-1.691785262,-23.81078349,,,,,,,,
345,231,145.6748061,-18,38.23434691,-125.4404593,,,,,,,,
346,58,-144.0329892,-317,3.045213471,-169.9217974,,,,,,,,
347,240,14.49950176,-162,53.6295928,-122.869909,,,,,,,,
348,1359,544.9619499,577,27.40692124,59.44497145,,,,,,,,
349,860,-1520.763171,-2788,-97.6160096,-1364.852839,,,,,,,,
350,793,-796.9655136,-1651,471.669731,-382.3647556,,,,,,,,
351,1256,-23.40344621,-236,279.3137467,66.71719292,,,,,,,,
352,445,-1096.845967,-435,39.92613218,701.7720989,,,,,,,,
353,1001,749.6342189,611,73.59265888,-65.04156008,,,,,,,,
354,6,-247.5124302,-4,-103.3680795,140.1443508,,,,,,,,
355,0,-2.483890958,-15,0.676714105,-11.83939494,,,,,,,,
356,91,-46.49439957,91,2.537677893,140.0320775,,,,,,,,
357,403,256.6589306,172,-15.39524588,-100.0541765,,,,,,,,
358,171,-15.02522995,113,-29.0987065,98.92652348,,,,,,,,
359,0,-249.1584459,-240,-19.11717346,-9.95872757,,,,,,,,
360,109,-835.0996306,-1250,40.60284628,-374.2975233,,,,,,,,
361,1493,-200.0362588,633,211.4731577,1044.509417,,,,,,,,
362,1245,-202.4717423,452,-107.0900071,547.3817354,,,,,,,,
363,1015,-333.5429389,-241,-76.46869383,16.0742451,,,,,,,,
364,2323,1165.422679,1878,40.77202481,753.3493462,,,,,,,,
365,513,-290.8442035,-488,-317.7172721,-514.8730687,,,,,,,,
366,167,73.55956464,161,82.55912077,169.9995562,,,,,,,,
367,137,108.0562405,137,-27.23774271,1.706016785,,,,,,,,
368,277,130.8886819,186,-23.17745808,31.93385998,,,,,,,,
369,105,-153.185537,-298,-31.46720587,-176.2816689,,,,,,,,
370,145,14.09538607,-26,50.4152008,10.31981473,,,,,,,,
371,0,-166.7314513,0,4.39864168,171.130093,,,,,,,,
372,899,216.4265176,790,0,573.5734824,,,,,,,,
373,2250,485.9575809,757,-133.6510357,137.3913834,,,,,,,,
374,1537,24.86770324,292,-128.0681443,139.0641525,,,,,,,,
375,1807,513.5117736,792,-49.40012964,229.0880968,,,,,,,,
376,3180,1523.460661,857,-133.9893927,-800.4500539,,,,,,,,
377,462,-395.7472188,-51,-144.9859969,199.7612219,,,,,,,,
378,0,-107.8488029,-167,8.628104835,-50.52309223,,,,,,,,
379,0,-34.53065928,-137,28.25281387,-74.21652686,,,,,,,,
380,3,-160.9239545,-274,23.17745808,-89.89858738,,,,,,,,
381,63,-100.8578736,-42,46.35491617,105.2127898,,,,,,,,
382,108,-20.21333408,-37,7.105498099,-9.681167826,,,,,,,,
383,467,358.7430428,467,6.259605468,114.5165627,,,,,,,,
384,817,-12.35762748,-82,-79.00637172,-148.6487443,,,,,,,,
385,2081,178.6440501,-169,13.87263915,-333.7714109,,,,,,,,
386,1775,283.6711152,238,28.59117092,-17.07994426,,,,,,,,
387,946,-548.567966,-861,-40.26448923,-352.6965232,,,,,,,,
388,1958,-29.97514881,-1222,145.662711,-1046.36214,,,,,,,,
389,261,-266.0758526,-201,206.736159,271.8120116,,,,,,,,
390,170,129.9308317,170,34.00488376,74.07405202,,,,,,,,
391,15,-37.47712499,15,-28.76034945,23.71677554,,,,,,,,
392,0,-116.0654636,-3,-2.537677893,110.5277857,,,,,,,,
393,127,-4.764919684,64,0.507535579,69.27245527,,,,,,,,
394,0,-132.7105984,-108,-10.82742567,13.88317273,,,,,,,,
395,656,453.6676254,189,18.27128083,-246.3963446,,,,,,,,
396,868,10.53763963,51,-31.97474145,8.487618922,,,,,,,,
397,1986,19.07041659,-95,-8.628104835,-122.6985214,,,,,,,,
398,1706,141.9064725,-69,16.07195999,-194.8345125,,,,,,,,
399,691,-620.1009337,-255,11.67331831,376.774252,,,,,,,,
400,982,-953.4473792,-976,43.14052417,20.58790336,,,,,,,,
401,656,377.3687255,395,165.1182415,182.7495161,,,,,,,,
402,5,-142.584813,-165,-66.82551784,-89.24070483,,,,,,,,
403,0,-12.82604683,-15,27.91445682,25.74050365,,,,,,,,
404,0,-77.17984287,0,2.537677893,79.71752077,,,,,,,,
405,327,196.7272988,200,0,3.272701216,,,,,,,,
406,324,199.0143561,324,-33.83570523,91.14993863,,,,,,,,
407,492,92.7797809,-164,-54.81384248,-311.5936234,,,,,,,,
408,2724,1890.982871,1856,27.74527829,-7.237592306,,,,,,,,
409,1516,-770.8971646,-470,-313.9953446,-13.09817997,,,,,,,,
410,621,-908.0201298,-1085,79.5139073,-97.46596287,,,,,,,,
411,1140,206.6532892,449,183.5587009,425.9054117,,,,,,,,
412,13,-1699.819709,-969,-75.96115825,654.8585505,,,,,,,,
413,8,-224.8769412,-648,163.9339919,-259.1890669,,,,,,,,
414,0,6.695815821,-5,109.627685,97.93186914,,,,,,,,
415,0,-7.963451881,0,0.845892631,8.809344512,,,,,,,,
416,165,111.9903834,165,0,53.00961661,,,,,,,,
417,84,-135.7957743,-243,-27.91445682,-135.1186825,,,,,,,,
418,0,-146.2001105,-324,41.11038186,-136.6895076,,,,,,,,
419,387,13.53800194,-105,54.81384248,-63.72415946,,,,,,,,
420,1978,570.5520461,-746,17.76374525,-1298.788301,,,,,,,,
421,1121,-798.2699682,-395,126.2071805,529.4771487,,,,,,,,
422,2330,1152.167874,1709,66.82551784,623.6576438,,,,,,,,
423,1628,340.8100731,488,-289.1261012,-141.9361743,,,,,,,,
424,74,-1189.050369,61,-82.55912077,1167.491248,,,,,,,,
425,0,-172.7726591,-8,-10.3198901,154.452769,,,,,,,,
426,0,5.952331451,0,1.353428209,-4.598903242,,,,,,,,
427,0,-5.469556758,0,0,5.469556758,,,,,,,,
428,13,-75.08137635,-152,0,-76.91862365,,,,,,,,
429,49,-102.5538014,-35,25.71513598,93.2689374,,,,,,,,
430,99,4.506275802,99,5.921248416,100.4149726,,,,,,,,
431,877,482.5496643,490,-16.74867409,-9.298338347,,,,,,,,
432,1556,-113.0238474,-422,-82.89747782,-391.8736304,,,,,,,,
433,691,-906.884339,-430,71.39333804,548.277677,,,,,,,,
434,3133,1667.092991,803,72.74676625,-791.3462246,,,,,,,,
435,1021,-508.7709565,-607,-135.8503565,-234.0794,,,,,,,,
436,943,155.0130485,869,102.6913654,816.6783169,,,,,,,,
437,10,-255.6819991,10,-147.0161392,118.6658599,,,,,,,,
438,41,43.39646883,41,-1.691785262,-4.088254088,,,,,,,,
439,5,-5.69298836,5,-6.936319573,3.756668788,,,,,,,,
440,148,82.58578556,135,-0.845892631,51.56832181,,,,,,,,
441,28,-114.2763745,-21,-22.83910103,70.43727343,,,,,,,,
442,349,256.6478053,250,3.55274905,-3.095056218,,,,,,,,
443,1160,572.1361118,283,-42.29463154,-331.4307434,,,,,,,,
444,2120,438.4940369,564,-47.87752291,77.62844022,,,,,,,,
445,2346,936.7057653,1655,-95.41668876,622.8775459,,,,,,,,
446,748,-1519.976983,-2385,-279.9904608,-1145.013478,,,,,,,,
447,1720,753.0504085,699,403.4907849,349.4403764,,,,,,,,
448,1005,50.21219416,62,-118.2557898,-106.4679839,,,,,,,,
449,28,-168.0997494,18,-10.48906862,175.6106807,,,,,,,,
450,0,-14.23911269,-41,-3.045213471,-29.80610078,,,,,,,,
451,0,-1.973809278,-5,6.936319573,3.910128851,,,,,,,,
452,0,-90.43151418,-148,0.845892631,-56.72259319,,,,,,,,
453,0,-81.45029451,-28,25.03842187,78.48871638,,,,,,,,
454,145,-22.98897356,-204,4.736998733,-176.2740277,,,,,,,,
455,915,182.4740374,-245,34.51241934,-392.9616181,,,,,,,,
456,2576,798.6206501,456,41.44873891,-301.1719112,,,,,,,,
457,1628,-151.7855403,-718,-77.14540793,-643.3598677,,,,,,,,
458,999,-671.4992554,251,121.4701818,1043.969437,,,,,,,,
459,1890,644.7556083,170,-42.46381007,-517.2194184,,,,,,,,
460,1292,292.7270123,287,-28.76034945,-34.48736176,,,,,,,,
461,211,18.98940892,183,-48.55423701,115.4563541,,,,,,,,
462,0,-40.73955421,0,-30.95967029,9.779883926,,,,,,,,
463,936,934.6443238,936,0,1.355676161,,,,,,,,
464,164,-56.46239429,164,-158.3511005,62.1112938,,,,,,,,
465,91,7.312020556,91,-27.74527829,55.94270115,,,,,,,,
466,236,59.81518227,91,-15.39524588,15.78957185,,,,,,,,
467,1396,590.9338349,481,-15.39524588,-125.3290808,,,,,,,,
468,904,-1204.856334,-1672,-81.37487109,-548.5185367,,,,,,,,
469,2791,1341.615269,1163,282.8664958,104.2512267,,,,,,,,
470,2324,667.0379297,1325,-196.7546259,461.2074443,,,,,,,,
471,1651,-20.32250614,-239,-224.1615472,-442.839041,,,,,,,,
472,1252,201.4880638,-40,40.43366775,-201.054396,,,,,,,,
473,579,387.8096823,368,6.767141047,-13.04254128,,,,,,,,
474,28,-62.23894337,28,-62.25769763,27.98124574,,,,,,,,
475,0,-298.7929959,-936,-4.736998733,-641.9440029,,,,,,,,
476,26,-18.42910122,-138,158.3511005,38.78020171,,,,,,,,
477,28,-34.63123077,-63,23.34663661,-5.022132618,,,,,,,,
478,155,-29.25874774,-81,10.65824715,-41.08300512,,,,,,,,
479,82,-894.4240361,-1314,13.70346062,-405.8725033,,,,,,,,
480,2393,883.7662172,1489,222.3005834,827.5343662,,,,,,,,
481,1535,-586.4419921,-1256,-251.9068255,-921.4648334,,,,,,,,
482,1032,-621.3685098,-1292,212.4882289,-458.1432613,,,,,,,,
483,2466,1019.6205,815,218.5786558,13.95815564,,,,,,,,
484,323,-928.4919687,-929,-137.8804988,-138.3885302,,,,,,,,
485,177,21.52710516,-402,157.1668508,-266.3602543,,,,,,,,
486,0,-2.737955249,-28,68.00976752,42.74772277,,,,,,,,
487,110,-90.48371133,110,4.736998733,205.2207101,,,,,,,,
488,0,-57.26734167,-26,-18.60963788,12.65770379,,,,,,,,
489,0,-47.38720962,-28,4.39864168,23.7858513,,,,,,,,
490,151,-19.35885716,-4,4.736998733,20.09585589,,,,,,,,
491,1131,435.357308,1049,0.676714105,614.3194061,,,,,,,,
492,2168,204.5309969,-225,-177.4682739,-606.9992708,,,,,,,,
493,1189,-710.7221917,-346,38.06516839,402.7873601,,,,,,,,
494,2169,768.759746,1137,58.53577005,426.7760241,,,,,,,,
495,1475,-483.0475904,-991,-192.3559843,-700.3083939,,,,,,,,
496,1237,443.9375534,914,167.6559194,637.718366,,,,,,,,
497,44,-272.8436596,-133,-154.6291729,-14.78551327,,,,,,,,
498,0,20.62022761,0,22.50074398,1.880516371,,,,,,,,
499,292,119.8528555,182,0,62.1471445,,,,,,,,
500,15,-55.12355741,15,-30.79049176,39.33306565,,,,,,,,
501,247,211.9152513,247,-2.537677893,32.54707085,,,,,,,,
502,176,-30.08338626,25,-41.78709596,13.2962903,,,,,,,,
503,2323,1486.788041,1192,-4.229463154,-299.0175041,,,,,,,,
504,1607,-622.182288,-561,-201.6608032,-140.4785152,,,,,,,,
505,1631,48.76212543,442,94.90915318,488.1470278,,,,,,,,
506,3766,2050.232192,1597,-74.77690857,-528.0091003,,,,,,,,
507,1552,-524.9508415,77,-270.1781063,331.7727352,,,,,,,,
508,478,-467.1160518,-759,-13.02674651,-304.9106947,,,,,,,,
509,0,-102.9913639,-44,128.4065014,187.3978652,,,,,,,,
510,0,21.60649554,0,7.443855151,-14.16264039,,,,,,,,
511,0,-209.6811758,-292,0,-82.31882424,,,,,,,,
512,273,269.5394845,258,49.40012964,37.86064516,,,,,,,,
513,580,434.9022006,333,-43.64805975,-145.5502603,,,,,,,,
514,1865,1612.001306,1689,-56.33644921,20.66224435,,,,,,,,
515,1321,-266.5683342,-1002,-285.7425307,-1021.174197,,,,,,,,
516,2464,599.1819299,857,169.5168832,427.3349533,,,,,,,,
517,1686,-56.49458935,55,-144.9859969,-33.49140757,,,,,,,,
518,643,-1724.138925,-3123,-9.304818939,-1408.165894,,,,,,,,
519,0,-1384.208708,-1552,528.3445372,360.5532456,,,,,,,,
520,87,-449.2653657,-391,262.5650726,320.8304383,,,,,,,,
521,0,-4.589001754,0,66.14880373,70.73780549,,,,,,,,
522,3,17.84004116,3,0,-14.84004116,,,,,,,,
523,540,395.4766395,540,-0.507535579,144.0158249,,,,,,,,
524,654,474.7720465,381,-91.35640413,-185.1284507,,,,,,,,
525,1031,685.2479032,451,-64.45701847,-298.7049216,,,,,,,,
526,1286,451.8752087,-579,-76.2995153,-1107.174724,,,,,,,,
527,1292,-114.1334017,-29,97.95436665,183.0877684,,,,,,,,
528,1623,-424.5562606,-841,4.906177259,-411.5375622,,,,,,,,
529,2181,598.4768262,495,142.2791405,38.80231432,,,,,,,,
530,1223,-687.9378438,580,-83.74337045,1184.194473,,,,,,,,
531,101,-947.8429327,101,-98.12354518,950.7193875,,,,,,,,
532,142,-270.6570399,55,-17.08703114,308.5700088,,,,,,,,
533,0,-12.45669402,0,-9.304818939,3.151875082,,,,,,,,
534,13,22.25311826,10,0,-12.25311826,,,,,,,,
535,0,-270.0656163,-540,-1.691785262,-271.6261689,,,,,,,,
536,33,-203.5547723,-621,91.35640413,-326.0888236,,,,,,,,
537,104,-351.2896742,-927,105.0598647,-470.650461,,,,,,,,
538,1094,275.1910273,-192,156.8284938,-310.3625335,,,,,,,,
539,936,-401.9082411,-356,32.48227702,78.39051808,,,,,,,,
540,2043,188.6285605,420,60.22755532,291.5989948,,,,,,,,
541,3477,1635.998293,1296,-71.05498099,-411.0532741,,,,,,,,
542,1001,-913.7533693,-222,-219.2553699,472.4979994,,,,,,,,
543,271,-443.4516022,170,37.55763281,651.009235,,,,,,,,
544,0,-356.6563734,-142,-28.76034945,185.896024,,,,,,,,
545,0,15.46768968,0,24.02335072,8.555661035,,,,,,,,
546,8,10.28416259,-5,0,-15.28416259,,,,,,,,
547,21,-163.6439224,21,0.845892631,185.4898151,,,,,,,,
548,270,93.63923842,237,-3.55274905,139.8080125,,,,,,,,
549,929,543.6275597,825,-40.0953107,241.2771296,,,,,,,,
550,1334,289.4378293,240,-139.5722841,-189.0101133,,,,,,,,
551,2222,969.3535525,1286,-40.60284628,276.0436013,,,,,,,,
552,2128,-3.007377981,85,-217.5635847,-129.5562067,,,,,,,,
553,1154,-1213.723543,-2323,-14.38017472,-1123.656632,,,,,,,,
554,1116,-119.5937022,115,393.0017163,627.5954185,,,,,,,,
555,33,-562.0324582,-238,-19.45553051,304.5769277,,,,,,,,
556,0,-204.6986632,0,40.26448923,244.9631525,,,,,,,,
557,0,10.62371041,0,0,-10.62371041,,,,,,,,
558,23,22.06349606,15,0,-7.063496064,,,,,,,,
559,10,-125.9336257,-11,-2.537677893,112.3959478,,,,,,,,
560,303,99.17542652,33,1.860963788,-64.31446273,,,,,,,,
561,1268,706.7981295,339,-5.582891364,-373.3810208,,,,,,,,
562,1730,537.4437582,396,-57.35152037,-198.7952785,,,,,,,,
563,1070,-553.2112707,-1152,-66.99469636,-665.7834256,,,,,,,,
564,986,-949.1719025,-1142,194.8936621,2.065564633,,,,,,,,
565,3431,1636.577225,2277,193.2018769,833.6246523,,,,,,,,
566,440,-1143.360333,-676,-385.2195041,82.14082935,,,,,,,,
567,44,-260.6574177,11,114.3646837,386.0221014,,,,,,,,
568,23,-119.4546377,23,-1.860963788,140.5936739,,,,,,,,
569,33,36.4056024,33,-3.891106102,-7.296708501,,,,,,,,
570,8,-5.428967439,-15,-5.582891364,-15.15392392,,,,,,,,
571,127,33.0423837,117,2.537677893,86.49529419,,,,,,,,
572,589,334.3230085,286,-19.79388756,-68.11689609,,,,,,,,
573,703,-127.9332038,-565,-48.38505848,-485.4518547,,,,,,,,
574,1852,586.7196529,122,95.58586728,-369.1337856,,,,,,,,
575,1691,220.3967957,621,-20.63978019,379.9634241,,,,,,,,
576,1114,-628.9818793,128,-105.0598647,651.9220146,,,,,,,,
577,2703,374.3994095,-728,-21.65485135,-1124.054261,,,,,,,,
578,214,-888.1349533,-226,123.161967,785.2969204,,,,,,,,
579,28,-156.7936125,-16,38.23434691,179.0279594,,,,,,,,
580,33,-69.3384589,10,2.706856419,82.04531532,,,,,,,,
581,259,249.312762,226,-1.691785262,-25.00454722,,,,,,,,
582,170,120.0368624,162,-38.23434691,3.728790728,,,,,,,,
583,147,15.28765842,20,-27.40692124,-22.69457966,,,,,,,,
584,212,-150.7596966,-377,-3.383570523,-229.6238739,,,,,,,,
585,458,-269.0883649,-245,63.78030437,87.86866926,,,,,,,,
586,1937,529.4268055,85,41.44873891,-402.9780665,,,,,,,,
587,898,-656.0045148,-793,-14.38017472,-151.3756599,,,,,,,,
588,575,-836.8465616,-539,134.1585713,432.0051329,,,,,,,,
589,1941,-413.6631299,-762,91.1872256,-257.1496445,,,,,,,,
590,717,21.91417658,503,128.9140369,609.9998604,,,,,,,,
591,334,113.2122684,306,-85.09679866,107.690933,,,,,,,,
592,0,-132.3925291,-33,-51.76862901,47.62390005,,,,,,,,
593,0,-82.18102632,-259,5.582891364,-171.2360823,,,,,,,,
594,0,-43.73755562,-170,43.81723828,-82.4452061,,,,,,,,
595,34,-73.73959145,-113,28.76034945,-10.5000591,,,,,,,,
596,79,-217.4294706,-133,19.11717346,103.5466441,,,,,,,,
597,598,-22.31786314,140,22.50074398,184.8186071,,,,,,,,
598,3471,1873.942489,1534,-23.68499366,-363.6274827,,,,,,,,
599,454,-1154.085014,-444,-259.5198591,450.5651545,,,,,,,,
600,2343,1268.341934,1768,75.11526562,574.7733313,,,,,,,,
601,1774,-750.224874,-167,-299.1076343,284.1172398,,,,,,,,
602,1856,1182.30418,1139,28.25281387,-15.05136647,,,,,,,,
603,292,-156.9364875,-42,-192.6943413,-77.75785383,,,,,,,,
604,0,-83.8259802,0,7.105498099,90.9314783,,,,,,,,
605,254,197.5554086,254,0,56.44459143,,,,,,,,
606,10,-63.01171588,10,-42.97134565,30.04037024,,,,,,,,
607,104,17.66147426,70,-1.691785262,50.64674047,,,,,,,,
608,406,165.8198983,327,-11.84249683,149.3376048,,,,,,,,
609,1220,551.3499905,622,-55.32137806,15.32863147,,,,,,,,
610,1836,-453.1446285,-1635,-105.2290433,-1287.084415,,,,,,,,
611,1782,811.9439121,1328,276.6068903,792.6629782,,,,,,,,
612,1167,-529.5307496,-1176,-224.6690828,-871.1383331,,,,,,,,
613,2881,790.675197,1107,198.9539468,515.2787498,,,,,,,,
614,711,-520.2358123,-1145,-187.2806285,-812.0448162,,,,,,,,
615,5,-201.0796517,-287,193.7094125,107.7890641,,,,,,,,
616,0,-9.020162045,0,48.55423701,57.57439905,,,,,,,,
617,0,-118.3125449,-254,0,-135.6874551,,,,,,,,
618,0,-10.30714232,-10,42.97134565,43.27848797,,,,,,,,
619,220,129.822258,116,1.691785262,-12.13047273,,,,,,,,
620,204,-107.7342305,-202,-19.62470904,-113.8904785,,,,,,,,
621,848,40.85909876,-372,34.17406229,-378.6850365,,,,,,,,
622,732,-1352.3,-1104,62.93441173,311.2344122,,,,,,,,
623,1359,321.4424776,-423,186.7730929,-557.6693847,,,,,,,,
624,1470,10.86364162,303,71.56251657,363.6988749,,,,,,,,
625,492,-1897.199751,-2389,-51.26109343,-543.0613421,,,,,,,,
626,409,-255.1473118,-302,404.167499,357.3148108,,,,,,,,
627,158,65.98389542,153,51.0919149,138.1080195,,,,,,,,
628,0,-32.07965404,0,-25.8843145,6.195339534,,,,,,,,
629,8,-73.26088898,8,0,81.26088898,,,,,,,,
630,0,-8.432707493,0,-1.353428209,7.079279283,,,,,,,,
631,155,24.16613286,-65,0,-89.16613286,,,,,,,,
632,610,343.0012442,406,10.9966042,73.99535997,,,,,,,,
633,1042,153.3768712,194,-68.68648162,-28.06335281,,,,,,,,
634,1456,-237.6240871,724,-32.82063408,928.803453,,,,,,,,
635,1931,670.291855,572,-122.4852529,-220.777108,,,,,,,,
636,1660,100.6913841,190,-96.77011697,-7.461501036,,,,,,,,
637,1042,-785.202176,550,-32.14391997,1303.058256,,,,,,,,
638,745,67.7083704,336,-93.04818939,175.2434402,,,,,,,,
639,224,54.47589237,66,-56.84398479,-45.31987716,,,,,,,,
640,8,-25.19912846,8,-11.16578273,22.03334573,,,,,,,,
641,58,-1.671380318,50,-1.353428209,50.31795211,,,,,,,,
642,344,329.749217,344,-8.458926308,5.791856715,,,,,,,,
643,0,-196.59933,-155,-58.197413,-16.598083,,,,,,,,
644,397,48.80703889,-213,26.22267156,-235.5843673,,,,,,,,
645,1554,653.3792304,512,36.03502607,-105.3442043,,,,,,,,
646,435,-1270.827327,-1021,-86.6194054,163.2079217,,,,,,,,
647,18,-1279.890562,-1913,172.7312752,-460.3781626,,,,,,,,
648,0,-1267.203375,-1660,323.6385206,-69.15810485,,,,,,,,
649,0,-1300.465941,-1042,280.8363534,539.302294,,,,,,,,
650,36,-486.2116733,-709,176.2840243,-46.50430245,,,,,,,,
651,38,-28.63661712,-186,119.9475751,-37.41580783,,,,,,,,
652,189,195.159628,181,31.46720587,17.30757784,,,,,,,,
653,258,168.2307286,200,-30.62131324,1.147958153,,,,,,,,
654,2767,2615.64674,2423,-33.83570523,-226.4824457,,,,,,,,
655,1839,1294.049642,1839,-409.9195689,135.0307894,,,,,,,,
656,1069,394.402946,672,-311.1193096,-33.52225559,,,,,,,,
657,1903,684.0740545,349,-113.6879696,-448.7620241,,,,,,,,
658,478,-888.8886871,43,-59.04330563,872.8453814,,,,,,,,
659,53,-851.3449815,35,-7.274676625,879.0703049,,,,,,,,
660,0,-876.2775818,0,-5.921248416,870.3563334,Xt(h),,,,,,,
1,,0,0,0,893.2021414,893.2021414,,,,,,,
2,,0,-36,0,333.9459298,297.9459298,,,,,,,
3,,0,-38,6.090426942,19.66855643,-12.24101663,,,,,,,
4,,0,-189,6.428783994,-134.0419554,-316.6131714,,,,,,,
5,,0,-258,31.97474145,-115.5463149,-341.5715734,,,,,,,
6,,0,-2767,43.64805975,-1796.510925,-4519.862865,,,,,,,
7,,0,-1839,468.1169819,-888.7952194,-2259.678238,,,,,,,
8,,0,-1069,311.1193096,-270.8887214,-1028.769412,,,,,,,
9,,0,-1903,180.8518445,-469.8442237,-2191.992379,,,,,,,
10,,0,-478,321.9467353,610.5175491,454.4642844,,,,,,,
11,,0,-53,80.86733551,584.7313158,612.5986513,,,,,,,
12,,0,0,8.966461887,601.8558334,610.8222953,,,,,,,
